name,specialty,location,consultation_fee,rating_score
Dr. Sandeep Bhirud,Dentist,Pimpri-Chinchwad,500.0,0.98
Dr. Jyoti Bhirud,Dentist,Pimpri-Chinchwad,500.0,0.98
Dr. Ganesh,Dentist,Aundh,200.0,0.98
Dr. Rahul Kathariya,Dentist,Baner,400.0,0.96
Dr. Rohit Jethale,Dentist,Kharadi,199.0,1.0
Dr. Mandar Ketkar,Dentist,Koregaon Park,600.0,0.99
Dr. Syed Shibli Quazi,Dentist,Kharadi,300.0,0.98
Dr. Abhinav Misuriya,Dentist,Hadapsar,400.0,0.97
Dr. Irshad Chaudary,Dentist,Kharadi,300.0,0.94
Dr. Hemant Patil,Dentist,Pimple Saudagar,500.0,0.93
Dr. Kaustubh Patil,Dentist,FC Road,500.0,0.99
Dr. Umang Shah,Dentist,NIBM,500.0,0.99
Dr. Vivek Singh Chauhan,Dentist,Baner Road,700.0,0.97
Dr. Sachin Phadke,Dentist,Paud Road,300.0,0.99
Dr. Mamta,Dentist,Kharadi,199.0,0.92
Dr. Gautami Phadke,Dentist,Karve Nagar,300.0,0.98
Dr. Komal Prakash Kamble,Dentist,Baner Pashan Link Road,400.0,0.98
Dr. Neha A Agrawal,Dentist,Wakad,400.0,0.98
Dr. Amol Thorat Dinkar,Dentist,Kharadi,300.0,0.85
Dr. Abhay Bhosale,Dentist,Kharadi,200.0,1.0
Dr. Rishikesh Parekh,Dentist,Kharadi,200.0,0.67
Dr. Ankush R. Agrawal,Dentist,Wakad,400.0,0.97
Dr. Pritam Dhoka,Dentist,Swargate,500.0,0.98
Dr. Shubhra Misuriya,Dentist,Hadapsar,400.0,0.99
Dr. Rashmi Singh Chauhan,Dentist,Baner Road,700.0,0.93
Dr. Prashant Bhangale,Dentist,Kothrud,300.0,0.99
Dr. Varsha Chopra,Dentist,Wakad,400.0,1.0
Dr. Priyanka Bansal,Dentist,Wakad,400.0,0.99
Dr. Dragpal Singh Rajput,Dentist,Baner,100.0,0.94
Dr. Abhijit Deshpande,Dentist,Wakad,300.0,0.91
Dr. Chandrakiran Rajput,Dentist,Baner,300.0,0.97
Dr. Milind Darda,Dentist,Shivajinagar,500.0,0.97
Dr. Dongre Shailesh Babarao,Dentist,Viman Nagar,300.0,1.0
Dr. Chitrang Kolawale,Dentist,Viman Nagar,300.0,1.0
Dr. Ashwini Dalavi,Dentist,Sasanenagar,500.0,0.98
Dr. Surbhi Bhatia L,Dentist,Viman Nagar,300.0,0.97
Dr. Saif Sayed,Dentist,Kalyani Nagar,300.0,1.0
Dr. Anupriya Pathak,Dentist,Kharadi,300.0,1.0
Dr. Prannoy Kunde,Dentist,Viman Nagar,300.0,0.98
Dr. Pranil Survashe,Dentist,Kharadi,300.0,1.0
Dr. Achyut Chinnawar,Dentist,Wakad,300.0,1.0
Dr. Sumanth. S,Dentist,Viman Nagar,600.0,1.0
Dr. Nootan Shukla,Dentist,Viman Nagar,300.0,0.97
Dr. Tushar Nair,Dentist,Wakad,200.0,1.0
Dr. Harshavardhan S Sawant,Dentist,Mohamadwadi,350.0,0.99
Dr. Samidhaa Patil,Dentist,Kharadi,300.0,1.0
Dr. Venessa Liberatus,Dentist,Koregaon Park,500.0,0.99
Dr. Sameer Makarand Phatak,Dentist,Viman Nagar,300.0,1.0
Dr. Shikha Gandhi,Dentist,Koregaon Park,300.0,1.0
Dr. Bhavya Jain,Dentist,Shivajinagar,500.0,1.0
Dr. Kalyani Rahul Kendre,Dentist,Kharadi,500.0,1.0
Dr. Sarvesh R Jaiswal,Dentist,Baner,300.0,0.98
Dr. Varun Tomke,Dentist,Viman Nagar,300.0,0.96
Dr. Dhaval Oswal,Dentist,Bibvewadi,100.0,0.97
Dr. Ajay Mootha,Dentist,Magarpatta City,300.0,1.0
Dr. Sunita Gallani,Dentist,Aundh,500.0,0.96
Dr. Rakesh R. Prasad,Dentist,Pimpri-Chinchwad,500.0,0.96
Dr. Ratnika Agarwal,Dentist,Kharadi,300.0,0.98
Dr. Rahul Redasani,Dentist,Bibvewadi,300.0,0.98
Dr. Makarand Thoke,Dentist,Pimple Saudagar,400.0,0.97
Dr. Priyanka Saokar Nawale,Dentist,Deccan Gymkhana,300.0,0.95
Dr. Ashwini Bangar,Dentist,Viman Nagar,300.0,0.99
Dr. Vidya Pandit,Dentist,Baner,500.0,0.94
Dr. Archana Dixit,Dentist,Viman Nagar,300.0,0.98
Dr. Santosh Pingale,Dentist,Pimpri-Chinchwad,300.0,1.0
Dr. Sonali Nalawade kakade,Dentist,Pimpri-Chinchwad,500.0,0.97
Dr. Snehal Pharande,Dentist,Aundh,400.0,0.98
Dr. Vaishali Makrand Thoke,Dentist,Pimple Saudagar,400.0,0.97
Dr. Shail Jaggi,Dentist,Koregaon Park,500.0,0.97
Dr. Shardul Sontakke,Dentist,Kothrud,300.0,0.99
Dr. Neelam Jaiswal,Dentist,Kharadi,300.0,0.97
Dr. Ashvini Phadnis,Dentist,Aundh,400.0,1.0
Dr. Abhijit Kamble,Dentist,Dhanori,300.0,0.99
Dr. Sanket Patil,Dentist,Aundh,500.0,0.98
Dr. Sana Mokashi,Dentist,Pimpri-Chinchwad,200.0,0.98
Dr. Amol J. Pharande,Dentist,Aundh,500.0,0.96
Dr. Kirti Takke,Dentist,Parvati Gaon,400.0,1.0
Dr. Bhushan Jawale,Dentist,Kothrud,500.0,0.99
Dr. Priyanka Agrawal,Dentist,Kalyani Nagar,410.0,1.0
Dr. Puja Bansal,Dentist,Viman Nagar,500.0,0.98
Dr. Pradeepti,Dentist,Wakad,300.0,0.98
Dr. Disha Shah,Dentist,Kothrud,300.0,1.0
Dr. Gauri Srinidhi,Dentist,Karve Nagar,500.0,0.98
Dr. Rohan R Nakhole,Dentist,Kothrud,300.0,0.98
Dr. Yogesh Pandit,Dentist,Baner,500.0,0.93
Dr. Preyas Gaikwad,Dentist,Dhanori,150.0,0.99
Dr. Apoorva Sahu,Dentist,Hadapsar,300.0,1.0
Dr. Prashant Babar,Dentist,Kothrud,300.0,0.96
Dr. Rahul R. Bagrecha,Dentist,Kharadi,500.0,0.98
Dr. Rachita Domale,Dentist,Koregaon Park,300.0,1.0
Dr. Gaurang Patil,Dentist,Baner,500.0,0.96
Dr. Neha Chandan,Dentist,Viman Nagar,500.0,0.98
Dr. Priti Munde,Dentist,Model Colony,500.0,0.97
Dr. Pallavi Deshpande Umrajkar,Dentist,Pashan,300.0,0.95
Dr. Swati Saraf,Dentist,Pashan,400.0,1.0
Dr. Siddharth Swarup,Dentist,Magarpatta City,500.0,0.98
Dr. Vrushalee Oke,Dentist,Kalyani Nagar,400.0,1.0
Dr. Priyanka Ambadkar,Dentist,Deccan Gymkhana,400.0,1.0
Dr. Vishwas M Patil,Dentist,Pimpri-Chinchwad,300.0,0.97
Dr. Gargi Patil,Dentist,Moshi,200.0,0.98
Dr. Amit Domale,Dentist,Koregaon Park,300.0,1.0
Dr. Aashish A Mathesul,Dentist,Kalyani Nagar,500.0,0.94
Dr. Heena Sonawane Sharma,Dentist,Viman Nagar,300.0,1.0
Dr. Charvee Devjee,Dentist,Yerwada,300.0,0.99
Dr. Prashant Gupta,Dentist,Kalyani Nagar,400.0,0.98
Dr. Archana Kandhari,Dentist,Baner,500.0,0.93
Dr. Fatema Baker,Dentist,Koregaon Park,400.0,0.99
Dr. Nikita Tilekar,Dentist,Sinhagad Road,300.0,1.0
Dr. Aditi Ravlekar,Dentist,Dhanori,150.0,1.0
Dr. Gopal Dete,Dentist,Hadapsar,300.0,0.98
Dr. Pooja Rajagopal,Dentist,Magarpatta City,750.0,1.0
Dr. Bhaskar Jadhav,Dentist,Lonavala,200.0,1.0
Dr. Abhidnya,Dentist,Baner,400.0,0.98
Dr. Neha Deshpande Tambe,Dentist,Lohegaon,300.0,1.0
Dr. Ankita Nagrani,Dentist,Baner,500.0,0.97
Dr. Devika Jayesh Minase,Dentist,Law College Road,700.0,1.0
Dr. Rachna Darak,Dentist,Wakad,300.0,1.0
Dr. Sayali Subhash More,Dentist,Kothrud,300.0,0.97
Dr. Rupali Sonkar,Dentist,Viman Nagar,300.0,1.0
Dr. Sabarni Arshaj Gaikwad,Dentist,Wakad,500.0,1.0
Dr. Vikram Deshmukh,Dentist,Nanded City,300.0,0.95
Dr. Chaitrali Joshi,Dentist,Akurdi,200.0,0.96
Dr. Shrenik Parmar,Dentist,Mukund Nagar,500.0,0.98
Dr. Vaishali Pagare,Dentist,Dhanori,200.0,1.0
Dr. Poonam Rathi,Dentist,Bavdhan,300.0,0.99
Dr. Neha Bagrecha,Dentist,Kharadi,500.0,1.0
Dr. Lotika Beri,Dentist,Undri,500.0,0.99
Dr. Vishal Dhande,Dentist,Baner,200.0,1.0
Dr. Ashutosh Jaysing Thorat,Dentist,Hadapsar,300.0,1.0
Dr. Kinjal Gathani Kotadia,Dentist,Bibvewadi,300.0,1.0
Dr. Pratik Kotadia,Dentist,Bibvewadi,300.0,1.0
Dr. Dipti Jaju,Dentist,Pimple Nilakh,300.0,0.99
Dr. Bilal Shaikh,Dentist,NIBM,300.0,1.0
Dr. Anushree S. Jaiswal,Dentist,Baner,300.0,0.99
Dr. Manju Patel,Dentist,Wakad,400.0,0.99
Dr. Dinesh Hingorani,Dentist,Koregaon Park,400.0,0.99
Dr. Nikita Kaushal,Dentist,Hinjewadi,300.0,0.99
Dr. Sagar Patil,Dentist,Wakad,300.0,0.97
Dr. Sahil Trimbake,Dentist,Kothrud,300.0,0.99
Dr. Prithvi Asknani Bonde,Dentist,Kharadi,300.0,1.0
Dr. Piyush Biyani,Dentist,Aundh,400.0,0.98
Dr. Gaurav Mali,Dentist,Hinjewadi,400.0,1.0
Dr. Nilima Borkar,Dentist,Pimpri-Chinchwad,300.0,1.0
Dr. Prajakta Tingne,Dentist,Kharadi,300.0,0.98
Dr. Shital Kawale Dharmadhikari,Dentist,Kharadi,300.0,0.96
Dr. Sujata Pingale,Dentist,Chikhali,200.0,0.83
Dr. Shailendra Supekar,Dentist,Kharadi,500.0,0.99
Dr. Sudiksha Jaiswal,Dentist,Viman Nagar,500.0,0.97
Dr. Nimisha N. Barve,Dentist,Kothrud,300.0,1.0
Dr. Pragati Mirikar,Dentist,Wakad,200.0,0.99
Dr. Ananth Kamath,Dentist,Aundh,500.0,1.0
Dr. Meena Juyal,Dentist,Hadapsar,500.0,1.0
Dr. Aditya Jadhav,Dentist,Kothrud,300.0,1.0
Dr. Minal Niswade,Dentist,Aundh,400.0,0.96
Dr. Kunal Advani,Dentist,Prabhat Road,400.0,1.0
Dr. Bharati Kurulkar,Dentist,Paud Road,300.0,0.97
Dr. Nidhi Deven Sheth,Dentist,Vadgaon Budruk,200.0,0.96
Dr. Rhea Kashid,Dentist,Baner,1000.0,0.92
Dr. Patil Aashish Dilip,Dentist,Kharadi,300.0,1.0
Dr. Priyam Aditya,Dentist,Baner,800.0,0.99
Dr. Ritesh Khandelwal,Dentist,Lonavala,200.0,0.93
Dr. Arun Mhaske,Dentist,Viman Nagar,350.0,1.0
Dr. Ajinkya S. Patil,Dentist,Baner,800.0,1.0
Dr. Anisha Kulkarni,Dentist,Kondhwa,400.0,0.99
Dr. Nihal D. Devkar,Dentist,Kothrud,400.0,1.0
Dr. Abhijeet Patil,Dentist,Ravet,300.0,1.0
Dr. Prachi Shambharkar,Dentist,Lohegaon,300.0,1.0
Dr. Prachi Bafna,Dentist,Pashan,400.0,1.0
Dr. Archana Vaibhav Gandhi,Dentist,Bibwewadi Kondhwa Road,300.0,1.0
Dr. Bipin Muley,Dentist,Lohegaon,300.0,0.85
Dr. Namrata B Shetty,Dentist,Baner Road,500.0,0.99
Dr. Kanchan Gaikwad,Dentist,Mahalunge,200.0,1.0
Dr. Bhushan Bangar,Dentist,Viman Nagar,300.0,0.99
Dr. Tejashree Pangare,Dentist,Lohegaon,300.0,0.95
Dr. Jyoti Kailash Mohitey,Dentist,Hadapsar,300.0,0.99
Dr. Pramila S. Gabhale,Dentist,Dhanori,300.0,1.0
Dr. Supriya Murkute Munde,Dentist,Pimple Saudagar,300.0,1.0
Dr. Anirban Chatterjee,Dentist,Lohegaon,400.0,0.89
Dr. Ashish Joshi,Dentist,Keshav Nagar,500.0,1.0
Dr. Maitry Dapkawala,Dentist,Kharadi,300.0,1.0
Dr. Vrushali Kanade,Dentist,Hinjewadi,400.0,1.0
Dr. Athira,Dentist,Aundh,200.0,0.99
Dr. Nandita Bhati,Dentist,Hinjewadi,500.0,0.99
Dr. Neha Ingle,Dentist,Baner,500.0,1.0
Dr. Sagar Patil,Dentist,Kharadi,200.0,1.0
Dr. Amit Thareja,Dentist,Kalyani Nagar,410.0,1.0
Dr. Kalpak Patil,Dentist,Hadapsar,300.0,0.99
Dr. Julie Dilip Gaikwad,Dentist,Amnora Park Town,400.0,1.0
Dr. Piyush Mankar,Dentist,Lohegaon,300.0,0.94
Dr. Pranali Jadhav,Dentist,Baner,300.0,1.0
Dr. Nikita Philip Lobo,Dentist,NIBM,500.0,1.0
Dr. Vaishnavi Mhapsekar Trimbake,Dentist,Kothrud,200.0,1.0
Dr. Indrajeet Deshpande,Dentist,Wakad,400.0,1.0
Dr. Rohan Pulgaonkar,Dentist,Magarpatta City,300.0,0.97
Dr. Amreen Khan,Dentist,Kharadi,300.0,1.0
Dr. Saurabh Pawar,Dentist,Kharadi,500.0,1.0
Dr. Priyanka Tidke,Dentist,Viman Nagar,300.0,1.0
Dr. Nilam Lohar,Dentist,Wakad,300.0,1.0
Dr. Nagendra Singh Rathore,Dentist,Aundh,700.0,1.0
Dr. Jyothi Vinayan,Dentist,Prabhat Road,200.0,1.0
Dr. Keshal Ruparel,Dentist,Kharadi,300.0,1.0
Dr. Nimay Devjee,Dentist,Yerwada,300.0,1.0
Dr. Saina Elahi,Dentist,Shivajinagar,500.0,1.0
Dr. Seema Rathod,Dentist,Balewadi,500.0,0.98
Dr. Disha Bansal,Dentist,Koregaon Park,400.0,1.0
Dr. Nikita Nishan,Dentist,Baner Road,300.0,1.0
Dr. Sanjay Talele,Dentist,Kothrud,300.0,1.0
Dr. Bhawana Dubey,Dentist,Wakad,500.0,1.0
Dr. Priyanka Singh,Dentist,Kharadi,300.0,1.0
Dr. Sharwari Pawale,Dentist,Kharadi,300.0,1.0
Dr. Samhita Advani,Dentist,Prabhat Road,400.0,1.0
Dr. Shital Kupkar,Dentist,Hadapsar,300.0,1.0
Dr. Paritosh Kabra,Dentist,Aundh,400.0,1.0
Dr. Aishwarya Magdum,Dentist,Hadapsar,300.0,1.0
Dr. Sagar Jangam,Dentist,Pimpri-Chinchwad,600.0,1.0
Dr. Sarita Vikramsinh Deshmukh,Dentist,Nanded City,300.0,0.96
Dr. Ajita Mote,Dentist,Baner,500.0,1.0
Dr. Ketan Lone,Dentist,Lohegaon,200.0,1.0
Dr. Rabiya Bashi,Dentist,Salunke Vihar,300.0,0.95
Dr. Rashmi Sapkal,Dentist,Pimpri-Chinchwad,600.0,1.0
Dr. Manjusha S. Nalgirkar,Dentist,Anandnagar,200.0,1.0
Dr. Purva Kotgire,Dentist,Pimple Saudagar,400.0,1.0
Dr. Aditya Sharma,Dentist,Pimple Saudagar,200.0,0.95
Dr. Saily Joshi,Dentist,Erandwane,400.0,1.0
Dr. Kavita Bade Sonwane,Dentist,Wagholi,300.0,1.0
Dr. Poorva G,Dentist,Baner Road,200.0,1.0
Dr. Amruta Narendra Motarwar,Dentist,Mahalunge,300.0,1.0
Dr. Rutuja Gawali,Dentist,Karve Nagar,200.0,1.0
Dr. Viddesh Patil,Dentist,Aundh,300.0,1.0
Dr. Sujit M Ghorpade,Dentist,Shaniwar Peth,400.0,0.99
Dr. Gaurav Gupta,Dentist,Wanwadi,300.0,0.99
Dr. Tanvi Deshmukh,Dentist,Kothrud,300.0,1.0
Dr. Kunal Kunjir,Dentist,Hadapsar,500.0,1.0
Dr. Hemlata Rokade,Dentist,Shivajinagar,200.0,0.99
Dr. Sanchita Kant Pathak,Dentist,Aundh,200.0,0.99
Dr. Poonamben Parmar,Dentist,Porwal Road,300.0,1.0
Dr. Sonali Ghorpade,Dentist,Baner,500.0,0.99
Dr. Santosh Dixit,Dentist,Viman Nagar,300.0,0.96
Dr. Gyaneshwari Rai,Dentist,Wagholi,400.0,1.0
Dr. Vishakha Lal,Dentist,Sasanenagar,300.0,1.0
Dr. Anamika Gupta,Dentist,Pimple Saudagar,500.0,0.94
Dr. Simmy Joseph,Dentist,Koregaon Park,500.0,1.0
Dr. Revathi,Dentist,Wakad,400.0,1.0
Dr. Santosh Martande,Dentist,Pimple Nilakh,300.0,1.0
Dr. Alpa Newaskar,Dentist,Baner,500.0,1.0
Dr. Amit Chaudhari,Dentist,Bibvewadi,500.0,0.99
Dr. Ritesh Kumar Singh,Dentist,Pimple Saudagar,400.0,0.99
Dr. Supriya Patil,Dentist,Baner,500.0,0.98
Dr. Samiksha Jarde,Dentist,Pimple Saudagar,500.0,0.96
Dr. Priya Dandekar,Dentist,Vishrantwadi,300.0,0.97
Dr. Pawar,Dentist,Karve Nagar,200.0,1.0
Dr. Surabhi Mathur,Dentist,Hadapsar,300.0,1.0
Dr. Priyanka Kawade,Dentist,Shivajinagar,300.0,0.99
Dr. Nishant Vyavahare,Dentist,Balewadi,700.0,1.0
Dr. Preethi Nair,Dentist,Ravet,300.0,0.97
Dr. Priyadarshini Banerjee,Dentist,Kharadi,300.0,1.0
Dr. Komal Mutha,Dentist,Kondhwa,400.0,1.0
Dr. Pallavi Surwade Jamodkar,Dentist,Wakad,250.0,0.71
Dr. Sania Shaikh,Dentist,Koregaon Park,400.0,0.99
Dr. Trupti Ahire,Dentist,Ravet,200.0,1.0
Dr. Prachee Hendre,Dentist,Aundh,300.0,1.0
Dr. Sonali Kulkarni,Dentist,Nigdi-Pradhikaran,400.0,0.97
Dr. Kaveri Mootha,Dentist,Magarpatta City,300.0,0.94
Dr. Ritu Budhwani,Dentist,Viman Nagar,550.0,0.95
Dr. Gouri S. Deodhar,Dentist,Hinjewadi,300.0,0.97
Dr. Gaurav Rane,Dentist,Kothrud,300.0,1.0
Dr. Mangesh Kadu Patil,Dentist,Wakad,200.0,0.98
Dr. Gauri J Bhandari,Dentist,Viman Nagar,350.0,1.0
Dr. Pradyumna Khairnar,Dentist,Balewadi,500.0,1.0
Dr. Yashyashwini Jain,Dentist,Aundh,600.0,1.0
Dr. Vanessa Lobo,Dentist,Kharadi,500.0,1.0
Dr. Swathi Pissay Martande,Dentist,Pimple Nilakh,300.0,1.0
Dr. Varad Prashant Pathak,Dentist,Ravet,200.0,1.0
Dr. Shraddha Angal,Dentist,Senapati Bapat Marg,300.0,0.99
Dr. Snigdha Chandorkar,Dentist,FC Road,500.0,0.99
Dr. Sonali Nilesh Kakade,Dentist,Pimpri-Chinchwad,300.0,1.0
Dr. Deepinder Singh Duggal,Dentist,Camp,500.0,0.99
Dr. Sneha Trivedi,Gynecologist,Hadapsar,,0.96
Dr. Mithil Patil,Gynecologist,Balewadi,,0.96
Dr. Sonali Chaudhari,Gynecologist,Pimple Saudagar,800.0,0.91
Dr. Kapil Kanade,Gynecologist,Hadapsar,700.0,0.89
Dr. Soniya Pawar,Gynecologist,Dhankawadi,800.0,0.9
Dr. Rushabh Karnawat,Gynecologist,Wakad,600.0,0.97
Dr. Asha Gavade,Gynecologist,Hadapsar,700.0,0.96
Dr. Kishore Pandit,Gynecologist,Shivajinagar,1400.0,0.99
Dr. Nilesh Unmesh Balkawade,Gynecologist,Wakad,,0.93
Dr. Kirti Joglekar,Gynecologist,Shivajinagar,,1.0
Dr. Bahar Khan,Gynecologist,Hadapsar,,1.0
Dr. Afshan Maniyar,Gynecologist,Wanowrie,,0.95
Dr. Shweta Pandya,Gynecologist,Pimple Saudagar,1000.0,1.0
Dr. Meghana Rahul Argade,Gynecologist,Shivajinagar,1000.0,0.95
Dr. Madhulika Singh,Gynecologist,Aundh,1000.0,0.98
Dr. Udaykumar Adate,Gynecologist,Sinhagad Road,500.0,1.0
Dr. Shalini Vijay,Gynecologist,Undri,600.0,0.97
Dr. Ammbalal Gurram,Gynecologist,Thergaon,1000.0,1.0
Dr. Preeti Kale,Gynecologist,Aundh,1000.0,0.94
Dr. Asmita Potdar,Gynecologist,Aundh,1000.0,0.9
Dr. Shalini N Adate,Gynecologist,Sinhagad Road,500.0,0.87
Dr. Monika Thavare,Gynecologist,Hadapsar,500.0,1.0
Dr. Suryawanshi Pranjali Abhangrao,Gynecologist,Pimple Nilakh,800.0,1.0
Dr. Pallavi Chounpurge,Gynecologist,Viman Nagar,500.0,0.67
Dr. Prajakta Sabale,Gynecologist,Wakad,800.0,0.79
Dr. Komal Bhadu,Gynecologist,Wanowrie,,1.0
Dr. Sarika Dahiphale,Gynecologist,Baner,800.0,0.98
Dr. Mamta Dighe,Gynecologist,Wakad,1200.0,0.96
Dr. Mohita Goyal,Gynecologist,Viman Nagar,700.0,0.95
Dr. Sunita Umberkar,Gynecologist,Bavdhan,600.0,0.98
Dr. Manjusha Yetalkar,Gynecologist,Pimple Saudagar,600.0,0.94
Dr. Pratibha Chavan,Gynecologist,Pimple Saudagar,700.0,0.95
Dr. Meenakshi Yelvantge,Gynecologist,Sinhagad Road,800.0,0.98
Dr. Anuja A Agashe,Gynecologist,Kothrud,800.0,0.97
Dr. Madhuri Burande Laha,Gynecologist,Kharadi,750.0,0.91
Dr. Vinoad Bharrati,Gynecologist,Kharadi,700.0,0.98
Dr. Jaideep Palwade,Gynecologist,Baner,500.0,0.94
Dr. Mukta Rayate,Gynecologist,Kothrud,700.0,0.99
Dr. Tejas Gundewar,Gynecologist,Pimple Nilakh,1200.0,0.96
Dr. Sushila Netravali,Gynecologist,Pimpri-Chinchwad,1000.0,0.85
Dr. Nitin Arvind Sangamnerkar,Gynecologist,Navi Peth,750.0,0.81
Dr. Lavina Batra,Gynecologist,Viman Nagar,400.0,0.85
Dr. Pallavi Joshi Bhaik,Gynecologist,Kothrud,500.0,0.92
Dr. Meghana Giri,Gynecologist,Kharadi,500.0,0.94
Dr. Sushruta Mokadam,Gynecologist,Kharadi,750.0,0.88
Dr. Roshani Waghmare,Gynecologist,Katraj,500.0,0.94
Dr. Smita Khose,Gynecologist,Kalyani Nagar,1000.0,0.94
Dr. Nikhil S. Parwate,Gynecologist,Pimpri-Chinchwad,1000.0,1.0
Dr. Madhuri Roy,Gynecologist,Wakad,700.0,0.96
Dr. Archana Chandak,Gynecologist,Nigdi-Pradhikaran,750.0,0.85
Dr. Swati A. Gaikwad,Gynecologist,Kharadi,750.0,0.85
Dr. Poonam Prashant Patole,Gynecologist,Wakad,600.0,0.83
Dr. Vandana Khanijo,Gynecologist,Viman Nagar,825.0,0.65
Dr. Girija Wagh,Gynecologist,Senapati Bapat Marg,1000.0,0.89
Dr. Sushma Dhaka,Gynecologist,Dhanori,500.0,0.98
Dr. Kaishreen Khan,Gynecologist,Viman Nagar,770.0,0.92
Dr. Manisha Munemane,Gynecologist,Baner,1000.0,0.94
Dr. K Anupama,Gynecologist,Kharadi,600.0,0.97
Dr. Sushama Surve Kunjir,Gynecologist,Hadapsar,700.0,1.0
Dr. Kedar Marathe,Gynecologist,Pimple Saudagar,1000.0,0.76
Dr. Nisha Balasaheb Ghumare Alaspure,Gynecologist,Kasba Peth,500.0,1.0
Dr. Meenakshi Dinde,Gynecologist,Wakad,600.0,0.94
Dr. Pallavi Kalghatgi K,Gynecologist,Koregaon Park,600.0,0.95
Dr. Jyoti Dekate,Gynecologist,Wakad,600.0,0.96
Dr. Chandrakala Manta Patil,Gynecologist,Kalyani Nagar,1000.0,1.0
Dr. Sweta Kumar,Gynecologist,Wakad,900.0,0.94
Dr. Vaishali R Chavan,Gynecologist,Wanowrie,500.0,0.89
Dr. Sunita Kale,Gynecologist,Karve Nagar,700.0,0.98
Dr. Mangala Wani,Gynecologist,Model Colony,800.0,0.91
Dr. Shruti Rothe Patil,Gynecologist,Aundh,700.0,0.97
Dr. Namrata Bhandari,Gynecologist,Kharadi,500.0,1.0
Dr. Rajeshwari Pawar,Gynecologist,Kalyani Nagar,800.0,0.96
Dr. Chinmay Pramod Umarji,Gynecologist,Baner,600.0,0.97
Dr. Madhu Juneja,Gynecologist,Hadapsar,880.0,0.98
Dr. Tejal Deshmukh Mokashi,Gynecologist,Baner,1000.0,0.91
Dr. Mini Salunkhe,Gynecologist,Hadapsar,880.0,0.88
Dr. Manjiri Kulkarni,Gynecologist,Senapati Bapat Marg,1000.0,0.98
Dr. Archana R Salve,Gynecologist,Kalyani Nagar,800.0,1.0
Dr. Manasi Gaikwad,Gynecologist,Hadapsar,800.0,1.0
Dr. Ankita Chawla,Gynecologist,Pimple Saudagar,800.0,1.0
Dr. Sowmya Kulkarni,Gynecologist,Pimple Saudagar,1000.0,1.0
Dr. Aarti Rapol,Gynecologist,Senapati Bapat Marg,900.0,1.0
Dr. Molshri Misra,Gynecologist,Pimpri-Chinchwad,1000.0,1.0
Dr. Chaitanya Ganapule,Gynecologist,Hadapsar,1000.0,0.96
Dr. Priyanka Gholap,Gynecologist,Kalyani Nagar,1000.0,0.93
Dr. Anita Bapat,Gynecologist,Baner,1000.0,0.9
Dr. Hitendrasing Patil,Gynecologist,Hadapsar,880.0,1.0
Dr. Shipra Kunwar,Gynecologist,Kharadi,700.0,0.78
Dr. Pooja Kolhe,Gynecologist,Kharadi,800.0,1.0
Dr. Preethika Shetty,Gynecologist,Wadgaon Sheri,600.0,0.99
Dr. Sheetal V Binawade,Gynecologist,Paud Road,1200.0,0.96
Dr. Padma Srivastava,Gynecologist,Lulla Nagar,650.0,0.97
Dr. Chanda Shyamrao Suvarnkar,Gynecologist,Shaniwar Peth,700.0,1.0
Dr. Sameer Malshe,Gynecologist,Warje,400.0,1.0
Dr. Deeptie Narayanann,Gynecologist,Wakad,600.0,0.67
Dr. Pushpa Soni,Gynecologist,Kalyani Nagar,1000.0,1.0
Dr. Rashmi Motiram Bhamare,Gynecologist,Baner Road,700.0,0.84
Dr. Karishma Dafle,Gynecologist,Baner,1000.0,1.0
Dr. Mukta Paul,Gynecologist,Kalyani Nagar,1000.0,1.0
Dr. Umamaheshwari Nilange,Gynecologist,Wakad,500.0,1.0
Dr. Avinash Phadnis,Gynecologist,Pimple Saudagar,1000.0,0.67
Dr. Asmita Gholap,Gynecologist,Nagar Road,880.0,1.0
Dr. Priyamvada Shah,Gynecologist,Pimple Saudagar,1000.0,0.98
Dr. Meenal Mehendale,Gynecologist,Shivajinagar,600.0,1.0
Dr. Vandana Kataria,Gynecologist,Kalyani Nagar,1000.0,0.93
Dr. Smita S Deo,Gynecologist,Baner,1000.0,0.96
Dr. Ashish Kale,Gynecologist,Shankar Shet Road,1000.0,1.0
Dr. Sucheta Parte,Gynecologist,Lulla Nagar,650.0,0.6
Dr. Manisha Dilip Kadam,Gynecologist,Wagholi,500.0,1.0
Dr. Gauri Khirid,Gynecologist,Shivajinagar,600.0,1.0
Dr. Bhagyashri R Naphade,Gynecologist,Wakad,600.0,1.0
Dr. Swati Pullewar,Gynecologist,Kalyani Nagar,1000.0,0.83
Dr. Manisha Kulkarni,Gynecologist,Hadapsar,880.0,1.0
Dr. Sucheta Talele,Gynecologist,Hadapsar,500.0,1.0
Dr. Mansi Sharma,Gynecologist,Kharadi,850.0,1.0
Dr. Rushali,Gynecologist,Kharadi,700.0,0.5
Dr. Anuprita Burande,Gynecologist,JM Road,1000.0,1.0
Dr. Deepshikha Dwivedi,Gynecologist,Baner,,0.97
Dr. Archana Changedia,Gynecologist,Kharadi,,0.96
Dr. Neelkanth G Belvi,Gynecologist,Wanowrie,,0.97
Dr. Vaishali Umap,Gynecologist,Wakad,600.0,0.8
Dr. Payal Narang,Gynecologist,Lulla Nagar,650.0,1.0
Dr. Nikhil Mahadar,Gynecologist,Wakad,400.0,0.99
Dr. Vaishali Chaudhary,Gynecologist,Yerwada,800.0,0.97
Dr. Varsha Patil Deshpande,Gynecologist,Hinjewadi,600.0,0.82
Dr. Mugdha Joshi,Gynecologist,Bavdhan,700.0,0.99
Dr. Rashmi Sarang Pabalkar,Gynecologist,Wanowrie,500.0,1.0
Dr. Archana N Belvi,Gynecologist,Wanowrie,500.0,0.92
Dr. Seema Jain,Gynecologist,Pimple Saudagar,1000.0,0.94
Dr. Shivani Jain,Gynecologist,Kharadi,700.0,0.95
Dr. Nameeta Mokashi-Bhalerao,Gynecologist,Shivajinagar,800.0,1.0
Dr. Gouri Barve,Gynecologist,Deccan Gymkhana,770.0,1.0
Dr. Archana Kankal,Gynecologist,Nagar Road,880.0,0.84
Dr. Anil Lonkar,Gynecologist,Hadapsar,600.0,0.78
Dr. Medha Tukshetty,Gynecologist,Viman Nagar,700.0,1.0
Dr. Sneha Ashok Sasane,Gynecologist,Hadapsar,500.0,0.99
Dr. Vaishali Amit Bhosale,Gynecologist,Kharadi,500.0,0.94
Dr. Bhupinder Singh Duggal,Gynecologist,Kalyani Nagar,900.0,1.0
Dr. Geeta Wadadekar,Gynecologist,Senapati Bapat Marg,900.0,1.0
Dr. Shilpa Chaudhari,Gynecologist,Pimple Saudagar,600.0,1.0
Dr. Tanushree Deshpande,Gynecologist,Senapati Bapat Marg,1000.0,1.0
Dr. Manasi Viren Naralkar,Gynecologist,Senapati Bapat Marg,900.0,1.0
Dr. Anagha Pai Raiturker,Gynecologist,Senapati Bapat Marg,700.0,1.0
Dr. Mrinmayi Dharmadhikari,Gynecologist,Hadapsar,500.0,1.0
Dr. Smita Surana,Gynecologist,Baner,1000.0,1.0
Dr. Sayali Chavan Shitole,Gynecologist,Kalyani Nagar,500.0,1.0
Dr. Prajakta Mahajan,Gynecologist,Pimple Saudagar,1000.0,1.0
Dr. Satish Shankar Londhe,Gynecologist,Kalyani Nagar,1000.0,1.0
Dr. Lakshmi Kalbande,Gynecologist,Pimple Saudagar,1000.0,0.5
Dr. Shailaja Desai,General Physician,Sopan Baug,700.0,0.86
Dr. N.M. Rao,General Physician,Pimple Saudagar,,0.72
Dr. Rameshwar Hudekar,General Physician,Wakad,700.0,0.88
Dr. Pandurang Sawant,General Physician,Dhanori,700.0,0.95
Dr. Monika Mamidwar,General Physician,Pimple Saudagar,1000.0,0.94
Dr. Rizwan Malik,General Physician,Bhosari,500.0,1.0
Dr. Ashok Bansode,General Physician,Hadapsar,800.0,0.96
Dr. Govinda N,General Physician,Sasanenagar,500.0,0.5
Dr. Nivratti Adate,General Physician,Sinhagad Road,400.0,0.88
Dr. Jayprakash Shirpurwar,General Physician,Viman Nagar,,0.33
Dr. Avadhesh Sharma,General Physician,Baner,1000.0,0.67
Dr. Shailesh Gondane,General Physician,Pimple Saudagar,1500.0,1.0
Dr. Govind Kulkarni,General Physician,Viman Nagar,800.0,0.83
Dr. Mukesh Budhwani,General Physician,Viman Nagar,750.0,0.88
Dr. Pramod B. Umarji,General Physician,Baner,600.0,0.89
Dr. Rahul Chavan,General Physician,Baner,800.0,0.93
Dr. Shilpa Dane,General Physician,Pimpri-Chinchwad,600.0,0.85
Dr. Lt Col Shashi Bhushan,General Physician,Wakad,650.0,0.98
Dr. Narayan Survase,General Physician,Wakad,600.0,0.82
Dr. Lokesh Kumar,General Physician,Pimpri-Chinchwad,800.0,0.86
Dr. Ravindra Chhajed,General Physician,Market Yard,800.0,0.98
Dr. Abhijeet Baldota,General Physician,Aundh,800.0,0.96
Dr. Anupama Joshi,General Physician,Shivajinagar,800.0,1.0
Dr. Rachna Mogri,General Physician,Hadapsar,600.0,1.0
Dr. Piyush Lodha,General Physician,Shankar Shet Road,1000.0,0.97
Dr. Girish Singh,General Physician,Yerwada,500.0,0.94
Dr. (Colonel) A.K Mehta,General Physician,Magarpatta City,600.0,0.98
Dr. Mushfiya Bahrainwala,General Physician,Wanowrie,600.0,1.0
Dr. Suyash Gandhe,General Physician,Viman Nagar,800.0,1.0
Dr. Baset Hakim,General Physician,Viman Nagar,715.0,0.83
Dr. Anup Bhoyar,General Physician,Kharadi,800.0,0.97
Dr. Amit Sakaria,General Physician,Viman Nagar,800.0,0.94
Dr. Pournima Kulkarni,General Physician,Kothrud,1500.0,1.0
Dr. Nilanjan Banerjee,General Physician,Wanowrie,825.0,1.0
Dr. Satish Chavan,General Physician,Baner,1000.0,0.99
Dr. Anand Kalaskar,General Physician,Nigdi-Pradhikaran,750.0,0.88
Dr. Natasha Kumrah,General Physician,Kharadi,700.0,0.9
Dr. Gopal Jaju,General Physician,Kharadi,700.0,0.95
Dr. Prathamesh Teje,General Physician,Pimpri-Chinchwad,750.0,1.0
Dr. Madhukar Jadhav,General Physician,Alandi Road,400.0,0.85
Dr. Mahavir Bagrecha,General Physician,Pimpri-Chinchwad,700.0,0.98
Dr. Rajiv Kumar,General Physician,Viman Nagar,800.0,1.0
Dr. Kiran Sudhare,General Physician,Nigdi-Pradhikaran,1925.0,0.5
Dr. Komal Kulkarni,General Physician,Bavdhan,600.0,0.83
Dr. Devendra Satpute,General Physician,Pimpri-Chinchwad,1000.0,0.5
Dr. Abhijit Bagade,General Physician,Shankar Shet Road,1000.0,0.96
Dr. Nilesh Giri,General Physician,Pimpri-Chinchwad,1000.0,1.0
Dr. Priyanka Badhe,General Physician,Katraj,499.0,0.97
Dr. Kavita Ramnivas,General Physician,Hadapsar,500.0,0.8
Dr. Chanda Shyamrao Suvarnkar,General Physician,Shaniwar Peth,700.0,1.0
Dr. Kapil Patwardhan,General Physician,Nagar Road,880.0,0.86
Dr. Sujay Patil,General Physician,Shankar Shet Road,1000.0,1.0
Dr. Suman Bala,General Physician,Viman Nagar,600.0,1.0
Dr. Pratibha Yogesh Walde,General Physician,Kharadi,700.0,0.75
Dr. Shrishrimal Kavit Sohan,General Physician,Viman Nagar,700.0,0.5
Dr. Manoj Pawar,General Physician,Kharadi,800.0,1.0
Dr. Kishor Sharma,General Physician,Balewadi,300.0,0.85
Dr. Milind Kulkarni,General Physician,Vishrantwadi,700.0,0.94
Dr. Pankaj Changedia,General Physician,Kharadi,600.0,0.92
Dr. Anuj P Surana,General Physician,Kharadi,500.0,0.97
Dr. Saumya Singh,General Physician,Hinjewadi,500.0,1.0
Dr. Jyoti Gulati,General Physician,Aundh,1000.0,0.96
Dr. Manoj Naik,General Physician,Deccan Gymkhana,665.0,0.67
Dr. Vinod Midha,General Physician,Viman Nagar,550.0,0.94
Dr. Rama Joshirao Paranjape,General Physician,Karve Nagar,500.0,1.0
Dr. Ravindra Singh,General Physician,Pimpri-Chinchwad,700.0,1.0
Dr. Prafull Warghane,General Physician,Wakad,800.0,0.93
Dr. Mukesh Mahajan,General Physician,Keshav Nagar,500.0,0.99
Dr. Rajkumar Gautam Nikalje,General Physician,Nigdi-Pradhikaran,500.0,0.9
Dr. Sunayana Shinde,General Physician,Kharadi,500.0,1.0
Dr. Ravi Pratap,General Physician,Kharadi,700.0,0.99
Dr. Gaurav Chaudhary,General Physician,Balewadi,600.0,0.97
Dr. Chinmay Naik,General Physician,Sadashiv Peth,1000.0,0.99
Dr. Sanjay Dudhavade,General Physician,Junnar,100.0,1.0
Dr. Kalpana Chhajed,General Physician,Market Yard,700.0,1.0
Dr. Pankhuri Agarwal,General Physician,Pimpri-Chinchwad,400.0,1.0
Dr. Palve Amit Hanumanrao,General Physician,Kharadi,600.0,0.75
Dr. Sheetal Mahajani,General Physician,Nagar Road,845.0,0.5
Dr. Dhakane Anupama Gangaram,General Physician,Viman Nagar,700.0,1.0
Dr. Grishma G. Ganeshwala,General Physician,Kharadi,500.0,0.5
Dr. Mohan Nalawade,Dermatologist,Aundh,700.0,0.92
Dr. L K Desai,Dermatologist,Sopan Baug,700.0,0.93
Dr. Pooja Malekar,Dermatologist,FC Road,600.0,0.88
Dr. Avinash Urmil,Dermatologist,Wanowrie,700.0,0.79
Dr. Amit Pal,Dermatologist,Pimple Saudagar,600.0,0.97
Dr. Renu Jadhav,Dermatologist,Hadapsar,700.0,0.91
Dr. Satywan Chaure,Dermatologist,Deccan Gymkhana,700.0,0.9
Dr. Rangoli Jirwankar,Dermatologist,Wagholi,1000.0,0.82
Dr. Vijay Nagdev,Dermatologist,Pimpri-Chinchwad,1200.0,0.92
Dr. Pooja Tilwani,Dermatologist,Pimple Saudagar,1200.0,0.94
Dr. Drashti Devani,Dermatologist,Pimple Saudagar,600.0,0.78
Dr. Anupama,Dermatologist,Hinjewadi,600.0,1.0
Dr. Rachana Raj,Dermatologist,FC Road,600.0,1.0
Dr. Sonal Chavan,Dermatologist,Pimple Saudagar,800.0,0.89
Dr. Nitin Jain,Dermatologist,Kothrud,800.0,0.96
Dr. K R Chandvania,Dermatologist,Pimpri-Chinchwad,1000.0,0.82
Dr. Pradeep Kumari,Dermatologist,Viman Nagar,800.0,0.95
Dr. Hina Kherajani,Dermatologist,Pimple Saudagar,800.0,0.95
Dr. Rohan Anand,Dermatologist,Koregaon Park,1000.0,0.91
Dr. Arti Sutrawe-Bhasme,Dermatologist,Kharadi,700.0,0.97
Dr. Varsha Rangari,Dermatologist,Pimple Saudagar,700.0,0.92
Dr. Mohan Darbastwar,Dermatologist,Viman Nagar,1000.0,0.96
Dr. Sumit Parsewar,Dermatologist,Baner,800.0,0.98
Dr. Patil Leena Rajendra,Dermatologist,Kharadi,500.0,0.96
Dr. V J Tannu,Dermatologist,Budhwar Peth,800.0,0.84
Dr. Amit S Murkute,Dermatologist,Wakad,800.0,0.94
Dr. Gautam Kumar Singh,Dermatologist,Undri,700.0,1.0
Dr. Rajshree Patil,Dermatologist,Aundh,700.0,0.9
Dr. Renuka Vinod Nalawade,Dermatologist,Bavdhan,600.0,0.99
Dr. Shuhaib MP,Dermatologist,Baner,700.0,0.99
Dr. Poonam Patil,Dermatologist,Koregaon Park,800.0,0.91
Dr. Madhavi Zende,Dermatologist,Wakad,700.0,0.89
Dr. Mamta Patil,Dermatologist,Wakad,600.0,0.79
Dr. Shveta Sharma,Dermatologist,Kharadi,900.0,0.93
Dr. Karuna Soni,Dermatologist,Baner,1000.0,0.98
Dr. Jayshree Ahuja,Dermatologist,Baner,800.0,1.0
Dr. Hetal Jobanputra,Dermatologist,Baner,800.0,0.97
Dr. Rashmi Gujalwar,Dermatologist,Pimple Saudagar,700.0,0.96
Dr. Tanuja Tamhankar,Dermatologist,Erandwane,600.0,0.95
Dr. Nandini Teli,Dermatologist,Wakad,1000.0,0.91
Dr. Snehal Navande,Dermatologist,Baner Road,750.0,0.89
Dr. Pradeep Patil,Dermatologist,Baner,875.0,0.99
Dr. Solanki Hemalata Suresh,Dermatologist,Kalyani Nagar,900.0,1.0
Dr. Arshi Farista,Dermatologist,Kharadi,750.0,0.71
Dr. Amol Bhandkar,Dermatologist,Kharadi,600.0,0.96
Dr. Madhur Eshwar Rao Basude,Dermatologist,Nigdi-Pradhikaran,750.0,0.78
Dr. Sonawane Nilima Rames,Dermatologist,Wakad,600.0,0.95
Dr. Gauri Patil,Dermatologist,Wakad,700.0,0.92
Dr. Varun Shrivastava,Dermatologist,Viman Nagar,800.0,1.0
Dr. Divya,Dermatologist,Kharadi,900.0,0.8
Dr. Madhavi Krishnarao Salunkhe,Dermatologist,Shivajinagar,900.0,1.0
Dr. Rupal Phate,Dermatologist,Kalyani Nagar,900.0,1.0
Dr. Shilpa Mary Shaji,Dermatologist,Kalyani Nagar,900.0,0.96
Dr. Nitin Maske,Dermatologist,Baner Road,600.0,0.94
Dr. Inderpreet Mahendra,Dermatologist,Viman Nagar,700.0,0.92
Dr. Keerti Verma,Dermatologist,Shivajinagar,900.0,1.0
Dr. Praneet Awake,Dermatologist,Baner,600.0,0.82
Dr. Amrin Jibrail Diwan,Dermatologist,Kalyani Nagar,900.0,0.97
Dr. Shruti Dewang,Dermatologist,Baner,600.0,1.0
Dr. Mayank Lagoo,Dermatologist,Kalyani Nagar,900.0,0.88
Dr. Ramagauri Pawar,Dermatologist,Kalyani Nagar,900.0,1.0
Dr. Sadhana Jadhavar,Dermatologist,Pimpri-Chinchwad,400.0,0.93
Dr. Vaishalee Kirane,Dermatologist,Pimpri-Chinchwad,1000.0,0.9
Dr. Gunjan Chavan,Dermatologist,Pimple Saudagar,600.0,0.96
Dr. Anagha Dudhbhate,Dermatologist,Erandwane,800.0,0.98
Dr. Rashmi Soni Lohiya,Dermatologist,Senapati Bapat Marg,700.0,0.91
Dr. Aarushi Kinjalk,Dermatologist,Viman Nagar,700.0,1.0
Dr. Silky Priya,Dermatologist,Wanwadi,400.0,0.86
Dr. Abdul Mateen M Ayyub,Dermatologist,Wanowrie,650.0,0.96
Dr. Sanvedana M Danej,Dermatologist,Baner,,0.92
Dr. Amit Kothekar,Dermatologist,Wakad,700.0,0.85
Dr. Poonam Naphade,Dermatologist,Aundh,750.0,0.96
Dr. Shravani Patil,Dermatologist,Wakad,600.0,1.0
